F172BECB-561B-49D3-8BFF-BFA2AE410A33,1330F2C6-FAA6-4DD2-BC0F-4AEE6FE661D5
5DAF1191-497E-411A-BC02-34976B0FEC63,AA6F2815-1303-4F8F-A37E-B5F83A3772F4
ACD1993A-0E89-4337-9F60-E16F73A8447D,70BF93AB-ECC7-4380-AF33-D0D98667F62A
4B70A31E-D7BC-43DF-8E50-9174730F9C2B,A132DCFD-D434-41FE-936B-E654B313B460
C50390F0-1899-4AF4-AC3B-82458615DED8,6A16CA6C-7056-4A79-AE0E-164786EB901A
F1A36086-C453-4FDF-990A-E7816F105843,85D3603D-000E-4C2B-BC09-99521C70E160
3FFD38E4-0127-496E-9B1A-2F5CFAF2B226,65063F1B-9538-4687-A4B8-FD60642A8E82
DE3BC000-BB0A-406B-86A3-96CAAA64F859,346F049F-30D5-4687-A934-D7D49F985C50
51623CD6-19E8-4618-A987-91B4CBC377F2,26A146A8-4285-4C2B-BE30-EA55CC2BFE88
0CD12308-4A5C-441C-9D65-283DBDD0AF7F,65859B6F-F516-4705-85D9-95A6B94AA00D
F06F1CD2-EC89-4671-BA54-2308F1BE98E5,65CB09B9-BFBE-41AB-AB0F-9A0892F0C09D
CA9EDE49-4A51-4B10-8B1C-E97EE90DD5B4,EBC84D71-275B-471E-B185-4C9670A278D3
47037CBC-3721-4EE2-99A3-90DF898DECB9,27988349-0515-443D-B17E-572E054548EB
F5457FEC-954D-4FB6-B9B1-780472AF29AB,861B721A-BF61-4923-BE60-135FC4DBFBB5
B204C4C0-91F6-4C74-AA14-771EACBD05BC,E5C92A9D-4251-4131-A07A-1025A4B0DAB6
A09B3527-32A0-49DA-9BAD-0CF39CA80DBD,EDD66F29-E970-4B44-84CD-0E70F1B6F33F
9744D19B-6B54-47D3-AB7E-1F3F3445DE4C,1F9882A4-D41C-4295-B29D-6DCFC2471263
10F36B93-54BA-4808-883D-EBEF697BD9DF,EE293460-FD6A-4DA8-ADFA-736138511863
AFF48FD4-AF91-4D23-8E39-92398CBE80F4,EED3E04C-E0D0-4ED4-8494-B8DA5BE8CB8C
17A4E233-6004-4C78-94C2-28BE19A75946,919FD1C8-0C07-4596-8D52-7333341A4CAA
EE4319BA-8D9C-43B4-95F8-604651760D76,B13FE33F-BA95-4E79-B994-3C0FCF482BB8
F674AAC5-4792-4983-ABF9-3076990EE44B,3280B3D8-CC27-4B27-978E-1EC85CBB9635
F986917E-952B-4630-B6A6-C7E1E9F7E36C,B0F6048B-14BA-44AD-A96C-F14F18E047DC
A8AECC26-FF71-4415-8315-86A43BFCA8CC,252AD91B-C65A-48FA-AC3A-5AD106B05AB3
7890FC33-7A14-437B-95D3-87661DD458CE,D519423A-E252-4A94-9446-A59E5D4A75B0
E652FA89-9D87-428D-AB62-BE6BE426126F,DF720228-8DCE-4373-ABD1-6C6566B30249
1830D0B9-E6BA-42BD-99EE-D4155CF7AA91,5F8726FF-D3A7-4C3F-8F8B-FC41CB0E607B
193455B8-015E-404D-A30B-F4994D6F46A3,3742DFB7-FB5F-48E1-8435-8887D8FD8780
246698C7-80F5-48DB-982A-6787886C8312,A7746CC2-7301-464C-AFF2-AEAA6CCCF109
21BB5449-782E-45EB-BF45-A300F76C0641,355A5BED-E724-4C63-BF17-351160A1B1B2
4D95AB27-F182-4D0B-BFAB-8B2E48CDE7E2,0A860DD8-532E-4219-9518-9EF17D6B0134
3FEF1F72-BE26-4FFC-91BE-148450169245,D392E5D5-D889-4A13-BD4E-B4026A43583A
B4458F22-CD86-4474-9DAB-3B7E8F1CEAF4,6D306A54-0748-4F2A-B4FD-49F973A04428
77935C3E-7900-4B1D-9693-5E1A6E1FAB24,8D6CDD76-3A7D-4158-9337-99899B2F8B29
58E12F04-FDDE-4B67-9043-E9226BCF9AC7,7C30E890-A2B8-44CE-BC7A-C0BC7BF12F5E
9B7A1D3C-CA70-471A-96D4-863F823F5608,073DCEA0-49F8-4DE6-82A9-F5B2E8559496
FAACE674-A7A7-408B-B7ED-3CCA7FEFDE7E,A7C6C434-10C3-450E-8FA8-F7C1E8030078
7A15355D-F84E-4A80-ADCD-F5010E3E2639,E11E7275-170C-4B39-AEAE-80DE0F7F4514
423F71DD-E164-45AC-A8DF-CC1B36AD129F,4A59EE05-B632-490E-8B26-35C8627F0591
3A9132B4-167B-4193-9321-0DCADD1A768A,6533D186-5836-4E8B-AE1E-BF2FC73690A8
9A67B533-CBBD-40B0-A42E-7F1F7C1E85A4,2C356707-1743-4BBA-A010-B141B71E3D1C
F4462A47-522C-4308-ACA3-E353DBF405DE,0F11CDEC-5926-4929-BB19-ECE4C052FBC7
6011AB1D-F464-4235-85B8-20DDF4A5AC00,CB89A0A9-610B-4442-96EB-4AD7E14F4308
8892205D-796A-431D-A8FB-3712C8373D14,7E94A68C-8A63-4B97-BDCA-8CDE5C249F46
66E7C664-7C00-4DFA-9965-397A4DC719BD,849B3688-63D8-44E1-8E20-03473D828F2C
0A9603BB-7B74-484D-8BDD-9B13AC803CAE,FE856E75-DA38-45B0-856D-79A739A154C8
FBDD0EB6-84A0-403D-B8E6-AE2DE23A3072,6C5AC5D5-F110-475B-A42F-498CBCA4D38A
F7FA6801-8202-4794-B41E-DAD8D8D2212B,BF594747-E8EF-4373-AF89-3072B9B7872B
5C6C69A3-CD73-46F3-A76E-FDAA844AF118,8A728762-97B5-4B0F-BA88-80ADFBD22C95
2F4762D7-AA66-48DB-85A2-557B3333C75F,3D350198-2C22-43C7-8A65-941E382041E5
AC0AF2F5-445B-43CC-9BCE-C262AE630225,9838FD2E-1890-40BC-A0F4-767AA77A27F6
94190E0E-919D-4FC6-8C49-73DA8EA3257B,177D39E7-83DC-4241-9261-3FC8599D8DE0
30908B40-1773-4FA2-A0C3-E39DD435C435,B73FEF05-27FE-4302-88A2-334400506599
8088FF95-0135-4B1A-B824-54F27981E66B,4EF5BD35-FA08-4E0A-87EF-BED1BEC03C0A
7A3CB7F9-5BA0-4DB8-A4F6-632CA4F7EE04,BF4E1B8D-5B67-409E-BA44-0656723A90CE
1D16637E-67A6-4FB7-8071-655739484AFA,B44F8E86-B0A4-48CB-AB51-D2671D26AEE0
E386DB23-5D12-48D5-9884-32B24238E085,1B0FB404-59D8-45A4-BEC6-B8D5DB585B81
7968D4DF-2435-493D-97C6-9E367392CB06,41E671E1-69FC-4878-AA5F-8790DC5C0F80
5BA331FE-B906-4403-B0EA-FAC220374EA7,811B4ADA-2892-4C03-A019-528424D73FD2
26071704-E1FD-4141-8983-371330B408B5,579CCA6A-73D4-49FC-B1EC-F295EB1D2CE0
56CC2D52-78B1-4A29-86AF-3BFD6D7CF519,21C2020A-1D1C-4F71-AA37-4210C51A18C6
2739FA34-7967-43C3-9557-BE220021A050,2EFF9018-A46A-4981-8D9C-DA517A310E7B
18BB69D0-43CE-4940-AB0E-A4821D4CAF73,8BCF9B72-57E8-4305-8758-69B505E70DB6
6D6EB223-A61B-4E2C-AB00-E4BF9F6C69D5,D9244D4E-A8DE-4DE8-8471-19DED97E95F0
133FC003-D352-41BD-AF69-2D26DC159AAA,2333455E-EDE1-45D6-ABF0-4EE6A154A835
0711B172-0CEC-456F-9F4D-C68FC955E9F8,2590B796-8ECC-4A80-8D29-1EEE802D606F
FD0A3316-1258-4787-9746-5AAE215B0DC9,C870F513-FC52-451B-B829-0AD0DCE40C21
01028EF8-D100-4096-8A2A-96283AF0ED5E,42D86934-866D-4E9A-BFD5-F5E4715DD403
9470C4EE-6290-4E24-9416-209681B6B889,EC2121D8-4467-4A4D-A46B-0F01F6664247
FA565059-8005-4991-8946-6922DBB3FC41,79B6F030-9E98-4DDB-BE2F-C2C0AF73C0FC
90AAEC8F-7709-43BE-94F5-90C4E5D67E5A,E26669D6-07C4-49D5-8F54-1FC81E249BC7
A38E9E82-17D8-42E9-AD0E-EE640AB415FE,8B9AB5A9-C51D-4793-AD96-2D9614AF4BB9
297B79D6-FDFD-4FF7-B504-B0F2D052BC5D,39D63712-5711-40B4-A399-05462308FA95
57B6DB41-C7DD-4144-BF17-4194961EE403,E64BD44E-773D-49F3-83EE-303A5FD3BC52
C80B2D44-2763-43EE-BFB1-74D40F2A6768,06FD2350-D3A4-49F1-B59C-A0D049668466
3CDCE564-EAB3-4B89-A447-13882366F3BB,36023DE2-71FB-4927-9631-A5E8751067CC
5A7F8222-1CD1-4632-8F83-570FB9D3D0B1,AD03A523-8F97-483C-8C7C-DBEE85BFE330
3C23551A-CE64-4112-A916-E39A38BA914F,13CB611F-69AD-4F0A-9108-3DF8CEEFB5E0
0E69CBC0-05AC-463B-8559-A1D9089D92DB,014D4F26-8EC1-40A3-ABB5-313CA26B780B
C6433FCE-CD7B-4C8F-9A40-6BBD418B174E,F41F15FC-05E3-4088-8BED-7184F90C60DE
02E80549-7A1F-47BE-B049-1C18B8682341,007136C0-BD7D-4A40-B74E-B3147BDE3A1E
37BBC571-AC09-4795-A848-2CBC8323120A,8A8B0748-FDC2-424B-A1A7-93B976B6ED21
E9D0C305-C290-4DA9-ADE2-C1C517D9D337,3930FD6B-F9E4-41C0-B385-72070B13C8AA
E15746F9-3590-42F4-B392-D34E4773A1DA,3A5BD623-046C-467D-9056-A82EC52FBDDD
3A87AB17-953D-4213-BE35-2A775990BE9A,4322C727-7340-47CA-9AC9-6B6644E44ABE
BB40F43A-3CC8-4ADD-9B15-9D0C153E6096,A899BC73-7E4B-44DF-9B7B-B1E4CE1AB29F
C6B059E3-CD9F-4E24-B6BB-D518B73ACD37,116B5857-F9FC-49F6-A443-41582FB8204D
5B976FBA-686C-496A-88C5-AC91744DC698,2AA64051-6EE9-45A7-92B7-E9E494B15737
90FDC2B9-A1A9-4852-B2C0-B776F2E925D0,F1FE6BCF-A20B-4077-9517-D49AAE5CDBFE
5CB6604B-9E30-4004-B66D-F33ADE0E729E,B7DEAEE2-BD84-4117-85CE-80A9C713B4FB
2B864301-E1C5-48DE-A9DD-4820B3CEB304,BA29C928-7EB5-4F5F-A3E0-F7F864EDB668
6DECFAB8-D4CD-4F7D-9060-94FD1B6A42A4,2D9512CA-6C0C-4C10-8D1F-1D08537BE2B9
E59FD9DE-231B-4ED8-B5A0-AEA62582A62F,A1B573FF-0917-4750-8003-3CA2C15DE3A8
80C3B223-C73F-44F4-97AB-1E58B3D466FB,37352475-0B96-4966-B812-AC2A61E048CA
CCD457F2-EF07-4324-93B0-6521A0606D6D,FCD00161-9E4A-471F-A7C7-B6BD4544AE93
D2FA31CB-4557-4462-AC33-DCAD0097575A,AE3E15C8-7251-4283-BAEA-E41DC0C55E8B
09E545BF-13BE-49B5-98AC-412DE3B1584C,D8520848-FAEB-42D4-B205-5AD2646B3E03
3E802DA3-E730-4B7E-A39F-544FD842A380,8A1E41F3-7B49-4A1F-9726-53F67A929830
DC3213C1-9DC6-4139-8C31-74EB3F781010,562B52EE-A0EE-438B-8DBE-F0E6700B18D7
B6A8C602-082F-47AF-9314-AE1B07D5F240,28F973C9-9ACC-484B-AA7B-BA364390D9D1
07D07868-55A0-4BF1-AB98-8B1CE30B1B36,C4DAEB18-B5D9-4046-9883-FE31A23F1964
D620DBD9-8499-42AA-9D0F-D47FEC0E6D3E,705D50D1-2498-4C5D-A6FD-3A504B6DA4DA
5D67D57A-2D6A-4C85-A1BB-DD8F4830EBBD,41F3ECEA-FBF4-4D1B-AC70-395724B23BC3
22F94FFB-B5C1-4E2C-8C52-7DE074186254,2B9AD9A1-1A3C-4DAF-AB3A-48EB40D23D9C
0B189B1F-7CE8-47E7-A6D5-7C8BC6445F17,04317DA4-AF53-4898-BF2C-C915D24A72D6
6F2ED64E-D86F-4438-84F7-A81CDC38AA57,BB64184D-04D0-4C2F-9D59-1FF93F3C717B
C1ED3151-AB99-43AB-8776-E7BCE91252AB,189AE5FE-221D-4A9E-9C1B-4D74FB894124
2813B4C8-A77C-4A4E-A909-5BF5FD13CF41,8A103562-378E-45B6-A627-E97EAAC23DC7
7BCEEEF1-9A1C-4B73-B5C3-AE8D630EAD1A,DC0753E6-FDEC-4433-81F0-2FB9A384853B
B438EFFA-1C58-4EF8-A920-DD05BDE2DEE0,D3BACE01-1A74-46D3-8F27-6FCC5E7F31E6
FB5D78BF-D38D-4525-B5E3-4E45341CA342,BF715B83-B9D0-47A6-BB25-56BCE9E5A3D5
766FC450-210A-4511-989B-F18230B79899,DB5F97D2-09E3-4B34-B6C8-82493A05470F
66F451E1-5168-405C-B655-54CEC766A185,C506D1C1-6692-4976-929A-7D10CAB5A5FC
6BB311E2-CE11-4A4A-8F0F-DC47DC4ABE3D,4D21D816-9DE8-43E2-A202-218DF51F4FEC
518522DB-6993-48FA-8B4A-7DD63CE90119,3073E353-F741-415B-A00D-2409F192F3CA
C773E33D-52B3-4BE6-9BC1-3E7F5A18D758,C93872F9-6358-4373-BC79-4A7068012A1C
B0E28BF1-3B0F-45EF-9D02-35BD43A50675,C9AF404E-5DE6-4B49-B177-2D4FDDD5686D
872C9458-99E9-4B6C-B83F-9BFD97B9F207,F9FA675E-0140-4F09-8BAA-A6C698A207AC
95837C9C-50E5-49C6-85C1-A8C900307C73,BD420C00-679A-46EF-B088-61601D257526
A7C343CF-33B8-4F2E-94AB-30047ACC44E6,F1DB677E-0392-46C8-BE6C-688B0E4AC654
84B67C59-5743-4E05-9FEE-BBD177D4FAC9,F54E1A2E-7F0B-4DD8-BB81-0546E4264A7A
F7E07656-9BDE-44DC-A791-CCC231214E83,B00B7ADD-11D0-477D-BEA8-289A1941208D
8393DC67-1F67-4925-950F-23283FAEB004,C9191176-7BF4-47EB-9B86-AB6DA8CDAB90
7CF862AA-E750-40D3-8DBA-D770C63843DC,18BA68B2-F351-41D3-9830-CE0787B36488
62A12B3A-6998-462C-87A1-1A45CE307EF9,732B9EBD-EA95-491A-A29A-E3E8A3A75629
C0D89EDA-A471-4712-B166-25E1F2803B02,9BC5AA1B-16E8-44A2-A0DD-747FD39745CB
004F2C6B-ECB2-4D43-958D-6666881F2905,662BED56-2880-455E-8412-1D1C996BAEA8
223BE4E4-D6B4-4964-84E5-114693CDFC04,737BB90C-1700-48B5-84AB-313B00EC25CF
826C2F2D-BB55-4B5E-A2CA-4ADAF3CEC077,0FBA071F-6681-41AF-B219-F21539C2D7F4
CEF308A3-ED47-4B7D-BB3B-4C4CB9219D70,5EF95EFC-20F3-4ADD-98A9-3056AE4F3F08
5105C815-C688-495F-84B5-EDA8BAECF708,F3195E15-431A-4898-9CBA-2AC4E3E7852E
D7C51BA4-B430-48D5-9E99-DCB68417EDC2,F63C3470-EF9D-4E1A-889D-0746734F99AA
1DF2CEC3-77BF-4BF0-97DB-17D611A9A4FA,E9BC0932-38AE-4841-83E5-CD3B29F22D0A
02696F71-1484-4048-B663-41172045D934,17EA1E47-A213-4B5A-8245-DE8F5A7F0ECE
1B081736-260B-4505-888D-54EC9D01F531,2CE0EBF0-075A-4BD8-8004-08CC02AD3FAA
84D8F6B0-7AF2-42C9-A24D-16AD9D0C2A02,814ED579-99E1-4732-BF8B-F245A03E8979
7FD23A25-D008-4597-BDDB-3E922461FC7B,2AB927BB-8784-4DC2-BC56-FCA82D19D8AB
C461433D-03D4-41FA-BF6F-AC7ACF0470D9,D61D00A0-8BB4-490D-B99C-0F7E7647DA06
0387C30F-AA2F-41D3-B511-335DBDF29C8B,BC6125E3-2595-4E90-9BAE-B47924F525C7
E7B051B8-9438-41DE-8523-322B3608124C,849F0A35-6788-4B4E-B4DE-130AB8B52FE9
1BAB9D07-2877-40EB-863C-D6F3B87C1AA1,5D0E6E9E-B6BE-4F5A-995B-9B7B69C3F0DC
BDD10837-7F51-48E4-826A-061988F06BDB,82D844CC-0BCD-49CC-8F3A-8DF28670D6A6
FC94C8E4-6A91-4051-A81A-76FD93E56A23,00857D5E-2A75-4F0D-87F6-C88E38D1F187
5FDFE2F9-2DA9-4CB5-8546-3F4075F6636C,1CDE6971-6CD5-4452-A6FA-3EB233DF176D
6A753CF2-B129-4BA9-B9C3-A9467C271F5A,DEF35720-D672-4D99-AC3E-5D692181CD43
BAD73379-A3B4-4A31-B9B8-D175155D5D7B,7674C675-61A6-4030-BE3D-8AA971F10000
F825C3BD-1FC6-4A1A-BE02-780BA0333D81,E72C8D20-F3F2-4167-8E7A-CB4FA4D37BA1
468CF0BE-A1AA-4119-810A-F43D74BDB701,A3BD2C5F-7F0B-4F11-9144-E95A2C9054D4
82C40F5C-4FDF-4EF9-A646-BAB35170BF16,28FC88A3-0FAE-47FB-AA4F-8F6A491D8E1A
1357BD09-2E0F-4837-BEF1-348B8ADF56F4,F24BB8B1-03B7-4DFD-8624-028B6B605FBE
32DD6456-CDBE-401C-A823-33F09A2F205B,EE11FEEE-6A96-446D-97A0-139AD4972870
D3DC5D0D-D120-4169-BE16-C8FC86B517AD,FC91E59B-026B-401F-BCC5-87D10D8EDA8A
0DFB04DA-4B16-4C7F-B6CE-A7DB7593A2CC,ADE3EA18-C1E0-4C3F-B874-F1AE63CCCB62
88E2EEAC-9ACE-44FB-B9CC-6338FBC31937,5061817B-6CE4-41AE-AAE0-B5F69C0ADBF5
81930F77-BBF1-45A6-9462-317060617C1A,2096AAF0-C514-4CA7-8CC6-79A05C549810
CAA9252F-2204-45A4-B966-9131CBBD68A3,98460B0A-30B1-46C0-8621-0F854B3BF34B
6CFAB445-2EE6-4DCE-9D59-97B080BDE394,425B9475-3173-4028-8E3F-EAA457F0C847
40B86855-0667-4C82-ABFE-084AA66F8598,785346B2-8EEB-4C2F-B5AC-969E0467A44B
6558A4D2-FCAA-482E-B76C-07EAAFFB6CAE,5C0302BC-33E3-4E23-A4B5-5258AA43C468
DEEDD7DE-2B64-4BA5-8962-64EA24564F50,3805D437-B6BD-48D9-94BC-5A85084B1326
1C14C0F0-CDF5-4AF7-9FEC-3DCAF3EE2A2D,264E69F9-7D91-46BE-93BE-A24BEC1CC661
72F11BB2-1D41-4EF3-ACD5-D039C757111E,FEC909BA-FDA5-4323-A1DE-73855987DB6C
EF0A536C-53B4-45E3-A1E3-CA049CB70567,E14C184E-F3EA-46B1-AD39-10C2617E4F17
2685699B-9D97-43F5-8CD0-095701A626CB,D2A53458-BE73-4068-8CBD-8F45D26EE6D4
778F45F3-CD79-488B-92E7-912471D4F2FF,4ACE4E79-2ADE-4989-A551-86031A17E1F7
D1115ED8-53EC-43CC-9D26-8D94CFEFD95F,C6ADBB54-B0F4-4948-9782-CB3912A00141
03F497EE-3039-4E45-8ABD-58202935A717,316D868E-B233-46A1-A149-9A24BA4B2614
7085D2B3-0EF1-4CED-97E3-FF31319F4D00,5DEEBCAF-F19F-4284-BB41-C695E730180D
E7A57717-020F-4438-91D3-C244F0CFBDAB,1B2E35D5-4395-48F4-8AA3-65833839BF84
35142E44-9748-4FC1-AB87-11ACDBB88D4E,518B486C-80C0-4C4E-9955-9921B77AC343
CAED40A9-59B9-44FB-807E-C2F4A98C16D1,9E68950C-CAB2-41FA-B0C9-5345DCE4E3C5
AE871990-BBAE-48E6-A23E-32D0D8ACBE81,8252C1A9-7BFE-45BC-8323-42D0BF30E3D4
88878296-81C4-4DE6-9D8F-0F03A9573725,52733BA5-597F-43D2-9E33-7A0077E868A9
3869E697-5824-4498-8BBA-62FF0F420B8F,3967B4CB-777D-4244-A7D8-9A48D3DB811F
3D825448-E1A4-439D-B9D0-79E89AB25A03,6B64CFBB-61F9-4A85-B641-6BC7E1915918
9D359E55-1972-40E2-8A1A-D5711DB0AC9F,FDED6B8C-A7D7-400F-8062-3F40968044D2
3779B454-A94C-4BC1-972E-B9D03683CB72,D54D3E16-9362-41A2-9A80-95CCAFB0A8AD
5415FE61-F41A-4DD5-9060-81FBD44A25A0,321C400F-6919-4F57-839F-3081952327DA
C651C2EA-959C-41ED-89D7-516AC22AAD98,95828C95-5CC7-4081-9BA7-28FC11CC7439
EA18E6B8-3B37-4666-B913-9E7659902867,9465C43D-94B5-4982-83A9-7553B72C7FC8
4635E242-CD51-4FFB-9B05-36A7523B8191,AE3CEE35-0597-4FC2-8E0D-38A11C50A1A8
7B385269-08A9-422C-95EF-AF5D03598484,43FAEB33-59C1-4106-A15E-EB016A6A156A
041A2374-870C-4C8C-B803-8F5FD91C500A,6C86D123-71EB-4FA2-8563-A2B68BA3D12E
50671AEF-56F6-44DA-B196-85D05206FCFB,AFF37D56-0C0D-41DF-91BD-2B96AC5A4F1E
E46AF7F3-B170-4CEA-9E05-599217C6AA77,4AEAFA42-7526-4940-9784-AABBD10EFAB9
05B964F8-D48F-4C98-83DE-5A4B2B915710,94D07F12-AF4C-4309-8059-2C2BC0F1DEF2
B4508E24-B26A-4485-919D-0712A20A9119,3504E637-96DE-4E65-B1E8-9694AE6478A9
8A07DCF7-94B1-4C4B-976D-AB22321E793B,AF9CF1A1-6C1E-48F0-BE71-9B2A505E57B6
4510F2F1-5FC5-4629-B0DF-B967DCBF4DD5,0B0CED1D-DB45-4664-8A41-C5B2BB1EF87C
0C7DE5C7-FA85-4CDB-9062-58BB185FD53D,02B7E1D2-CF7C-4015-8CE4-169C1DE686CD
5C7D5DFF-32EE-4973-B459-0B78900CC287,FFEA049C-6DCB-40B6-9D51-44DFC0799845
D3B64FEF-7CF0-4FE1-8FF4-0D357A08C5B8,B6225A6E-D393-4CE1-9D3F-F2EFBA5FA1A6
A0B2C10D-643A-4499-83F5-0A85F58C9F40,1CC5FA1C-BA5A-4620-8D6A-29B219A7E6CF
26FB7872-3BA8-4DA9-8DAF-5E15797EB102,084CEE79-A864-43E1-AE37-F310F029B02E
C125FE50-BCCE-4B7E-8C1C-CC072C7778EE,7C872FED-D8B7-4273-A8B8-0602513F1902
C520F909-3C43-491A-9B8D-9E7827BE386E,4AB178BE-5A1E-41D3-B066-4BFD4C2E5998
FB950260-BAFB-47D0-A63B-3D6C0EC15C5A,A12E0E78-47B7-4CFB-A31D-78A6DD5E5930
103DB5BA-70D0-4376-8097-73227FFAFF2A,9F80E2F8-6876-4346-826F-617C5A51FA10
BB0C850C-C445-40E2-85A1-124A3EB32E5F,E560D402-8797-4166-A013-77C5CFBA20CC
196AD24C-B039-4203-A184-35018BEFEEC2,CDDD2205-F1B6-47F2-A279-B4F9A46DFB29
A56EAC13-030E-45D9-8DE4-48849A95CB08,65A5A58E-4A2E-416E-B593-57CEC3EDEEDB
359FBA10-4F25-4D1C-B96C-8A503E3B1FA2,DBFDB4D1-58DF-48D9-8F6D-94E90CBF5B10
79568E32-BCC3-4E8C-A69F-A6696856D26E,61CE200F-5421-4FC0-A9AF-CD325A71A751
3C674E98-0D56-4C51-859B-0F6432521A8C,06748899-757F-48A0-8777-B50C8BF51263
1CBA8FC4-7D96-49D7-BD42-E842D3E7A7D3,B9630D95-D6DB-45B1-AE29-F5B16D030C07
DC0F9F58-AA65-4B88-B14C-5A2D1DEE2C15,5746B878-EC42-4216-AAF3-B14F6E06829C
BAE4B397-A9F6-4335-8430-A453CD15C52E,A11BC658-DC04-4850-8320-253A740C7471
D9C2AF0F-BF2E-456B-B8EF-F1D207462F2E,4D96250F-F4ED-4652-9D7A-6D38B9999F7B
8FD753F4-78EE-4AF4-A4D5-F5D0C9B90260,E3A677C8-0818-417A-9D7C-053DEFD1F14E
42154F97-A517-493A-8CA9-866F08E5E5F4,CE6684D6-8A51-48A2-B786-25A78EAAEF5B
398C4A88-E72A-4B62-B680-3C654BF21DB6,3ECB8365-841A-4395-A9EE-C11C37989C57
2124EBF1-749F-4906-ADB3-F9C2CF9B322B,B8286248-7052-44C2-8ACF-54344DB0122E
B6AFA080-9D50-494F-AE75-5309427D6504,D13185DE-1D42-4887-B575-D8F2953A94A8
954D0D88-E466-402A-944B-76767C499263,D770D36E-2585-43D8-8183-C45F731950DF
EDA36521-A967-43A6-AC5E-97C4E6F34E38,265B8A5E-BEBF-484F-B96A-93CF115A2348
D827AC47-AF07-4F1B-B2FE-56AF3F666D1B,48319B75-E55B-4077-8792-2A5F52782ACD
EE018208-473B-4282-B48F-B18F40235660,A73F1C6A-E985-4DA0-B571-11B46A5CE4A7
6D8C82D5-46C5-4E6D-BEA5-ACD3123E7421,D2C1E0BE-B68A-4ED9-B072-AF2FAD189F59
FE46B7AB-8872-4C60-A8F5-4391FF490DDD,8A6ED809-F8FE-426C-A437-4624E9F595CD
20418E71-5BCF-457C-93AB-ED6C4EE53997,2B6A3F43-DB98-494E-A9FC-D3C53D44168E
52BDBD21-0558-4DEE-AA31-F46D3332D7EB,774102A0-9565-40B0-94B7-4EF80E122BEB
F5E76EEA-B52F-4198-96A9-8AF8B7138CA1,F4E9B1DB-D9E0-44B5-AE34-95809A960573
BBBB92B8-8F46-4169-8D56-834A784284D7,B48AF940-410C-4532-8B6B-F9A3A1AAFA48
E1F415B3-8FC8-4EB6-A081-AA76CA3E0122,64D1CFCC-5286-4723-B4C6-20E8EF81B944
CCB16E00-A005-4081-AFE8-831D8ED65415,523640D3-B312-474C-9CD6-2662446E604C
E26389CD-2DBE-4258-85B7-F8B23B8610A7,FE2B0679-9CDD-42E2-9E06-D7215E343A69
19AE33C1-F605-41E5-971C-92A890420831,9CCBB184-4E35-43F5-B500-B4D22444D60D
F9EC9FB9-5C55-498F-8142-F46CB1AEF43B,4D53D03B-9C9B-4960-8989-59463549A225
B1521EBD-77BA-4952-93F1-89AE41CDC6F2,FD43E095-CD77-4C5D-A150-AE26A17E7215
93F1BFB4-0418-4FF0-858A-8E5EF4C7C451,C1951E78-6DC7-4E35-B919-02395CBAF26D
B0228A32-D703-42B7-B197-385EFF52E1A0,F5B6CC85-974B-43E6-A756-D642E5CD292A
F220C2A9-673E-4DD4-BD7E-A2B07A2E3468,73260D78-5785-4905-B3B5-00CEB49BD738
9C2530BD-7B1A-4270-AC5E-1619E7262CC5,B4322827-903D-4EF8-9BCC-137108BCC908
7E93D78E-EA42-4E0B-8FD0-FDB6CFF7435E,0E2AE047-9035-4849-8897-B0A3B9846B14
159D7DAE-D186-4C7A-8D93-C5A280FE7C24,DAF9E6C5-DB95-43DE-B8D6-272CF2BE6E09
AAC6C4C8-FF27-490B-B47F-89BB66B9E8F9,B5BDB7A4-7E28-4D3F-9CBF-94EC7117C8F7
E976D2B0-1A35-47CE-AB14-A4F6EBB7B6BB,57D816AA-C868-4D01-AFA4-97AFB0E61ACA
AB82D4B8-B663-4B29-9BD8-23C21D9B65D1,DAA352F9-E836-42DB-A4EC-3F9F38A3C33F
37911678-862F-4C1B-B8F9-0C2572941D71,EB7CC759-B850-43AB-87B0-D03A6443ABE7
318D4733-9D96-4A5A-A599-79A725D2760F,EB192765-1F74-4107-84D6-9DDECDB65966
71856438-69B7-47D1-A90A-87C612B9625E,624C0BCA-0C1E-4A8E-88A6-7599B90F2B11
023DDC34-56C8-4933-9403-6EF0299E7503,768A4DB1-9C34-400F-97E7-FE240259C10D
D1BC65F7-6B8E-4FFA-B229-23C9B13E62EB,F0BDC99F-14DB-4ED1-8FD6-7FC02D265A15
A3982BA4-0124-4C7D-8AB0-57359DF93BEB,992EC34D-EB8C-4D81-B72F-55FEF4DB27FB
91AF9D38-D09F-432A-84B3-39CEC92E8C61,28F37C5B-69EB-420F-865C-F8DA69AF8768
9D64990F-A0E7-4924-B28C-5A953A106C66,E8F9D437-B8E9-4DEB-A86F-6EB13C47537F
CECD1C1D-DED1-4C27-B7B4-F19A660FF3EE,F5020FF9-4A36-49B4-B57D-1410B7C20BF7
FC14EFCC-6039-48C2-9525-9C9D8C0D5BCF,1ED41753-6356-41CC-938D-97A603556E5C
CD970C77-1EDD-485C-98B7-30897698A922,7BAB7052-0465-447D-99D1-FEA9502A638A
F6E6F4D0-9177-4EB4-9239-2A1C3B530F54,0DD3E3A6-6B21-4B53-9670-6303B52E607E
BB919D59-D122-48F6-BC0A-79AC7A86C327,A48E379E-27F7-4FA6-979A-847587AA80D4
90016084-FC58-4A54-B6E3-F7BC14DF4AE6,D9B43F03-30F1-473C-958D-1B2FDD32CE4B
6BF3B9B4-57F4-41CF-AFF3-BBED10C356B5,CA7480B5-C5E1-4C36-A1FC-5A9D2AB96900
64670AEB-60E2-4596-91DD-6BADE0AD5059,53673175-51D8-4DBA-A0E7-4C3CDD8FDF5D
55019013-98F8-497E-B3C2-5BBFAF8ADC3C,D64417C5-A294-41B1-B2A6-EF0516DC02D7
E630ECC3-911C-4F22-998A-C0342DBFCD40,60816A39-DE56-4C79-A995-7244984A390B
5070995A-0D0A-472B-9A53-E0A4B3C8E1CB,A0FFBF79-50C8-4E31-8135-20FB083C6F72
A15948DC-A7B7-4DD2-856C-A05A4FF4D295,61F90531-4365-4308-BEC4-2FA7154E7A2E
47EFD027-A6D2-460C-AD80-B8F261763310,9CD26AF3-D663-4F65-AA05-31685EF77698
C528BFCA-110F-4C0C-9372-2CCFBB422727,33C04886-C420-4D89-AD48-41FD9A7BC484
D6F67F72-B717-417B-8709-5BD0294EC25F,1D815BEC-2DBA-4F73-BF2C-6346C80773C2
5614C702-AC8C-4EF8-87F0-38C4083D0A34,FD253921-C432-4B94-9D0A-2B1BEBAAAFC2
473F036B-8320-4514-BA8C-C20CC7E0B38C,2C0F4B8F-C934-4641-826D-602523C723F1
1AB6853B-1F28-448E-AD75-49FFDB4DFEB0,25D87956-97BF-4C99-A37F-DA63837656C3
1A8FBB44-9C62-45DF-A0A9-05E03C4186A3,E93B25A2-2A1D-4F56-9DEE-06C4B6DA5DC4
9650A5E6-8C5A-44EF-83D3-EB4D799081C8,715E7E8A-2749-4736-B495-9C725C85ACB0
8A80C701-4887-4360-9749-734D3066BE70,3A6F0187-36A2-4CD1-ADCE-9943ED17F45F
EAE97672-FC4B-4142-B798-2A27E9BF74D3,47A679D1-E78C-45F4-89D3-9775B22E92E3
314D83A4-D090-48A6-9E12-7DB6D54FCEA4,B0EF4BA3-7D92-4DD8-956C-EC3F8A8DE2B0
D1F221EC-971F-4385-8C53-20849E0A3F85,76D02E68-4893-4F3F-8A2A-F3D2920FEFFD
2B4606B1-98D9-48DF-827C-37AEFA3D6565,3E515E28-BEC2-44ED-B7BF-0F35D060590D
EACF96CE-02CE-4CD4-94B9-58D1C6D3D9E8,F385CAA0-9AAD-41ED-9360-A90AFBB47B3D
A480878F-D319-429F-B9D9-96D5DF237943,1006658A-626F-4937-AB73-73E632010FC8
D58DAC0E-9747-4C41-ABB2-65D21DBEE9C7,78202BC5-3B35-4054-9542-62D809CACA77
560CB579-3A52-490E-B925-314506C02FC9,DDC477EC-507E-40D2-B98F-7C2687A53F16
40E6D8A2-0FC4-43BC-87DF-BA3F72313AEB,00BDFAEF-E28C-4F6F-A41F-DBF788EB025F
53FE1B47-5C59-45EA-B2FA-FE5FE2A3AF45,0E77873B-61F1-4339-B127-7FF2080D4911
908C228A-12D5-4060-8CED-2C737AC9263B,A2719443-FF54-4104-AAEE-5A1BFD386544
F97A3E0D-088F-45BA-9707-31EAEAA3782B,E7808CE1-C74D-44B0-B47A-8257407E5BD4
B6C2F383-CECF-462C-9936-DC2C9C7FA7BB,04E1F04A-A55E-461A-96D2-2D6079D3BD78
21B3A902-A83C-4787-AF24-8EF415707A96,EB091791-50FB-4936-8EAE-D58381CD1456
B9EC4992-D242-4267-A887-A399393C641E,F9B1E096-6217-4755-B0A2-AC0FA01240DE
3DBFC798-C4AA-4B80-885B-656AB341B34E,50298ADB-59CB-4DCD-9BD9-F847FC80F3A2
BF07037E-FA10-45A0-A995-E398A4F08E41,F9BDE19F-5147-401E-B29D-DE4D03B45F1B
DCF2CFD4-35B8-4934-A69F-653437CEBFD3,E95F24A7-5601-44A4-B02A-F7F2FDB69EF9
D28E9BB3-8781-4114-82F9-D2DF46990DF3,40BA2F25-5A35-4EB0-BDB6-F8C053257C3D
953AE7BA-C98C-426E-B87A-A072F3A6A17D,C8BBE556-BE32-4E4D-9457-0095E8DC1896
9906B156-0548-42EB-A039-8645ACCC8127,AD30C1A7-4B55-4007-A6CA-33DE0200BE8B
DB8A78E6-2BA3-4A08-83AA-D5FD720E6B6A,9A3C388D-C3DC-44EC-B679-321C07D27F6B
C053E5B0-AF61-4533-8AF9-976C8C0F724E,26856B3B-2790-47A2-9224-98716423E3FB
DC4AE688-C96F-42AF-8EB8-C430911C2927,78BA9FDB-9F34-4538-B8FF-57353FDDC02C
565AD101-C46B-4C4D-89D7-06BE7F7F20A8,A057FE56-1B3C-4488-95BF-11C26E19FBDD
D3D11ADA-06DC-4092-9E3E-B813A293BE3E,581E2EA0-49FD-47B3-929E-292B5B42E03B
F0891276-C720-437C-8980-E6C7FC1C3B44,E6B23C4C-EEC4-4340-88BA-8741ACA3A74E
8724B9C5-5EEC-4CBA-A69D-33AD9242BB9F,5CB3E4CE-19C2-49A8-91C2-074B99EB0B32
354F8D8D-100D-401A-BC46-2ACEBDD646E9,AE8AA70C-FE26-4A68-B346-0C6EB9FDCC34
726ECC33-1721-4D94-BC62-9C199F640233,C49BF755-1ED5-48A3-A4A1-88A5934B354C
808BF8C1-4E3E-471C-84E8-84A6061471F1,1ACF0AD8-5C6C-426C-9CAA-7C97E68C27D9
30E9F089-0EE4-45D7-971E-B2DA25530813,9677B1F6-BED0-43D8-901D-DD1139687316
21B330E2-B5A7-493E-B6FC-2228B7D59C28,5F903CAA-9A84-46C9-BE44-37F04EFBBA84
0E265D30-AB0E-4CE3-B2BB-9B3D8A1E6F09,AABC73B6-74F9-422C-B674-C1C701772F82
94BD72AE-E92F-4D80-A746-E2C1DC0E964C,0F841CB9-CA7D-4019-BE9A-CB636A57577C
264C8782-3C0F-43C6-9B2E-0B245ECFA7F7,773B6F4B-4BF5-45F9-B685-58858B3F5FAC
72DA984C-32FB-47D6-8A28-4D9A9B2CFCD1,0C59EBAB-0661-4F6A-9747-0A82F9DFEB3C
FD082118-13E2-429D-BFAD-128C5D9563B7,C895A34E-56C6-41F7-9FCF-723D9E2637E4
8F7D1A17-B4D5-435F-87EB-3778715FDDDD,EEF04088-7C6D-4512-B185-CF8CCDED885E
93FA5F86-7AD6-4CDB-B762-DC20B14F1739,783E1C4B-E40F-4475-BB53-F7CF103B68A7
2C85CD8D-97FB-42DB-BEBF-45E729F009D8,CBF9CAEF-F970-4BB7-ACDB-BEA4C9C1514B
7B7D5A38-DF72-4420-9DE7-0C1ADCA18DD0,BA6C575A-1334-45E4-9A01-3E19B8D7683C
89C24D0E-5848-4D45-9F0D-1A953270BD46,A1EF0F23-0F59-4F0A-9548-40D9555BD6AD
3D3F7D17-DDAD-4BF9-85F5-23D8DFB8D239,DF759BD8-C45E-4B1D-9914-51BF728D24D5
0566007F-1DF0-40E8-B481-FBBD1A2E01A2,DBDA96DC-CC14-44E7-90FE-EFCD4F2D78DC
894F2746-6D9E-4D8F-A281-1310E7271F5A,EF4B21AD-E7C9-4DD7-A3AC-DCBDEB6D6D49
773CBE52-97FE-47C5-83DC-B959F4137D68,32194EBF-C9E6-4DE2-8532-E229DE22B326
A68740C1-4E31-4DAA-8627-6A5D4224D8D8,D3EBB9A9-2F97-4D2B-8430-DC9DC28857F2
36563FFE-9CEA-4764-AA11-106F5D0AA441,4833AA53-26AD-47A7-85AC-28B138C978C9
AB6352A4-C3BF-4387-A559-6791E86BE05F,F7137416-39DC-4B6C-A3B3-A1305611AF70
F66AD4F1-8413-4796-B985-D6949DA24082,C6228E42-0341-4B37-9FE3-59060BCEDC30
F3853359-2039-43F1-AB0D-0F70BDD718CA,037A37F1-A709-455B-82F2-8A5133A19CFA
CDBD253F-A63A-4E0B-A8EC-B0328FEAB334,B0BAE07E-339B-4772-BC00-70E3C3C9E92C
B0A1A3B9-0DED-4D99-A242-B98EAE9A4EFF,5A1063EB-B01F-4A3C-B891-6D6AB556F8AC
5B2274AA-3EFB-40D0-9EEF-1CA3AC11E6E4,43FB260A-1033-4B48-965D-924CBA4B431A
3587B64F-54BE-43E3-BAE7-2CFB721976EC,D516B2D4-DEA6-401E-B89C-A9F851E94263
96387FD4-B5D5-4D42-B2A3-37D3DE39528D,9E0702F0-BE60-4627-9FDB-7D4083CCCBBB
8FEAEC75-4EB7-49FE-B74F-8A9839FA3722,CEC4ACE4-431A-4187-9C8D-B6DC5A5B30A6
5BEBF3AF-577E-47AD-AEAC-3DB129D22B56,928972AC-4FC8-4517-837A-FBA46ADBCB83
A87C64B4-D85B-43E6-AA5D-624FED927533,44A4ACD6-B219-4F63-9CA3-F9106C68BBA3
D2329551-354E-4E04-B129-49C9D59EFAC6,CA166867-F737-4833-8512-AEC15468FE2D
AE4B48DA-036A-413E-A4B4-F3C9F8BD9139,368B0973-1AFF-4C61-8834-2ABFE0E11DF1
6F0F3236-9EE5-4693-AFEC-20E6CC3336DE,F567268C-A9A7-4D40-A5FD-AE06283BA032
18A6625F-B5A2-4E65-BDCF-6785CDE45393,25A2FF8E-C913-4756-A515-08F09E6E92FE
822831C7-BE80-4D57-BE17-D71603A2385C,A4D97995-C870-4C66-9C2F-69E9C49D7475
7FCD9125-1F0F-4445-A871-60B87A58F0F6,A91FD46D-53F4-48EA-B37A-B469DBFCFD56
B84AAA60-7C3E-4702-831B-6A4EC165A319,63AB0019-F43B-474D-98BB-BC5C6573C29F
E4AD51B0-048D-4634-84F1-E2B8FEA42995,DF96A922-9899-4364-872B-370FBCF35B8C
10D4252B-3582-4F63-BC28-86BEF25B5618,36618C7C-637B-4C45-8C67-C553C7A33644
FA3A7254-6EF9-449E-912D-97C9954B61D5,4D49013B-F588-4E1D-BFD8-CB4B1194E046
5D2F5E38-CE29-4806-9807-BE64AAD527E0,E937AC64-C3B8-4A5B-8AFE-A5FC88CD88B0
3EEAA8F7-5EFC-41E2-8E75-21938F8F71CE,7FDA4D95-B98C-4F61-A1FC-EFA9B40D405A
53E2CCF0-AA02-4BA7-AEB8-3F9972B2F706,D85E234A-1A44-40F1-B453-0BF1FC370BD3
C2F73087-29BF-45F5-99CA-F1B8B52238F0,D40B5653-18A9-4F5E-9D10-76266463DB2A
84BF457B-BB28-46EE-A4B3-F87FE109CDE0,41400A63-37DB-4681-8376-8D1C7ED1142D
23955588-4FB9-40CA-849E-003D997F9C61,38EB531F-1504-460E-8D40-A4FD37D7DB5C
13D8177D-00C6-4861-B3E4-687CE912453E,338C0922-6F39-41B8-9CA9-5266357E9623
6E33FC63-699C-4372-ADBB-D622A2826741,7C048865-BB8E-4F69-8D5F-544E52F9E734
6D4C8360-B6D6-4A57-9CB3-BFE70FCEA01D,30906075-CB02-4B5B-97CD-F60669A04B6E
B2C618E6-6EEF-46FC-8270-A7E2048EE20F,A3A5F42C-C2BF-4EE5-A2BB-04659938243E
2BFD73D1-E873-479B-B2F0-23E9230304D4,2BC564A6-7994-4893-B19E-D71A7CEA3C65
2DE2DCE6-4B2D-4B5E-8A5E-A9204BCDD7AA,30C6441B-4E30-48C3-BD4C-596FC8AC139C
E3AABB2B-46F8-4D5A-81FC-8F6005E12E45,5721CB72-5B9D-4ACA-8280-60909D76A656
8E33AB64-67C4-4C09-8D73-096F040E4450,ADA09360-9F92-469E-AF97-43CF8AC17478
E1802F70-D8E9-4102-946D-B10A2DF23745,1839E061-C357-4A6F-B286-05066465B511
50EEDE3E-E604-49C7-AD0F-6145A358CBA8,85D8039A-C292-4700-B6F6-EB2C585DF730
07F49C30-D6A1-48BC-94E9-28442DD51676,6ED9CF69-655F-40BE-9787-E0E7C6F6B1F3
76916051-09B4-4404-8AA2-625A75F74735,E5C9A220-399A-4053-BCE0-6C29DFECA599
B0599543-12B0-46E9-8982-79A96F752701,E1AE29A4-0594-4B85-A627-214AA88528C6
194446A0-837E-4299-B4CA-8B0501393EEE,DB772498-EA13-4275-830C-A6B5CF724A45
06B6495A-A6CA-4250-8AA2-C273C4A8C418,C588E142-D3D6-4353-989B-213EA7A3D4A6
51F33C64-1051-45D2-ADFE-2BE12320A5A9,E67C2221-3854-48F0-AC9C-014DE6FE927F
B3C1085E-0FC8-4EA0-96B3-1C6E5F1EBBC6,3E867318-525C-4443-B46D-906BA369C5AC
CB12CC7D-65BF-43A7-B026-F2B13B40BCE0,B767A91C-DFF0-4A4E-8EC2-AD6B4BA9A998
C759B888-768A-4A76-B196-FDC7F2D9DE06,00386661-54C6-4CBE-846D-56512559C8AE
CF057D1E-6446-4EF4-A3B4-6DE01792A80A,B5D2EF0C-0BAE-4DD5-BB69-563965F2ABE8
0B4507CD-A15E-465E-93A0-28E760F46A8B,8712E543-6121-44EE-ACC0-4E1444CAA9CA
08B76ED1-7859-486B-95B5-128EAA547D43,DF12956B-5455-49AD-B577-DDCDA54ACED2
1574912A-9F14-4AC8-9F96-7FC31840B96A,EB1F1270-B18E-416E-B998-2F4E358E0230
1EB24CC6-935B-47F7-BBC2-B780101F8DEC,B41EBD37-1349-4904-AE94-A270BF78D050
16F31ABD-78B3-434A-B28A-6DDEA9F5222F,0E446109-4D3A-45CA-86B3-BBE342761A1C
34F4872E-851F-4A8E-85B6-BD5CDE654CB7,52E86376-C07C-479E-BFBE-18351B5B700A
F10B32EA-87BF-4E72-BC9A-EF95CD85C2E8,5530FE4E-4B0B-4A22-92CD-5A697E7C963C
E3E87516-C05F-44C7-BE3A-B8CA130D5DB0,03F3936E-E4ED-4044-AF65-80FB3A59898E
C36BCE2F-5030-4BB0-B9AE-DCAAD329AB27,551BD438-9718-4CA8-8883-0B289CB17FCC
44749457-E0F6-4B13-A360-70789D9FFB96,5EE0BBAB-5080-40B0-8687-608B972C4F2F
EB868478-44F9-451E-B390-A2461619FE75,B3674736-4ACE-4F50-89D4-1C62978105A0
F4D62848-1EBE-41B3-B878-B497E06FB732,C0DDE8C7-2637-4F28-A884-0C324463CD82
74052E0C-8EDC-4534-BAF7-71DA396138A8,6D0DE8D7-E52E-446B-A3DC-65C32BC0E43D
7387F7EA-F9D9-4179-9617-68C345A822B6,B6EE2C81-A961-4F0E-8450-7C09DAE0A8C4
021F1D2A-0274-4C6E-9B08-EA9352C2C110,F3ED59FF-4989-450E-A601-3DA0225A43CA
FA20DAE4-B2A1-4D2B-A60C-069A95AC2AC0,7E217235-C9BF-472F-8BB7-993408CB5E0E
8F2BCD62-39FE-4E75-8E81-619C8332C3C1,E0051A26-49AB-4817-A4CA-BFBE87937603
